{
    "avg_rouge1_precision": 0.5906724625681448,
    "avg_rouge1_recall": 0.6141015710050741,
    "avg_rouge1_f1": 0.6014329699059726,
    "avg_rouge2_precision": 0.3418590649835542,
    "avg_rouge2_recall": 0.35503580431012394,
    "avg_rouge2_f1": 0.34797941901782614,
    "avg_rougeL_precision": 0.4783428899283535,
    "avg_rougeL_recall": 0.49745153872242226,
    "avg_rougeL_f1": 0.48723194802251035
}